Source,Plotpy,API changes
guidata.dataset.qtitemwidgets.FloatArrayWidget,plotpy.gui.dataset.qtitemwidgets.FloatArrayWidget
guidata.dataset.datatypes.GetAttrProp,plotpy.core.dataset.datatypes.GetAttrProp
guidata.dataset.datatypes.DataItemVariable,plotpy.core.dataset.datatypes.DataItemVariable
guidata.userconfig.get_home_dir,plotpy.core.config.userconfig.get_home_dir
guidata.dataset.dataitems.FilesOpenItem,plotpy.core.dataset.dataitems.FilesOpenItem
guidata.hdf5io.Dset,plotpy.core.io.hdf5io.Dset
guidata.userconfigio.UserConfigIOHandler,plotpy.core.config.userconfigio.UserConfigIOHandler
guidata.dataset.qtwidgets.ShowColorWidget,plotpy.gui.dataset.qtwidgets.ShowColorWidget
guidata.dataset.qtitemwidgets.DataSetWidget,plotpy.gui.dataset.qtitemwidgets.DataSetWidget
guidata.dataset.dataitems.StringItem,plotpy.core.dataset.dataitems.StringItem
guidata.dataset.datatypes.DataSetMeta,plotpy.core.dataset.datatypes.DataSetMeta
guidata.dataset.textedit.prompt,plotpy.core.dataset.textedit.prompt
guidata.userconfigio.WriterMixin,plotpy.core.config.userconfigio.WriterMixin
guidata.dataset.datatypes.FuncProp,plotpy.core.dataset.datatypes.FuncProp
guidata.dataset.dataitems.FirstChoice,plotpy.core.dataset.dataitems.FirstChoice
guidata.dataset.dataitems.MultipleChoiceItem,plotpy.core.dataset.dataitems.MultipleChoiceItem
guidata.dataset.datatypes.TabGroupItem,plotpy.core.dataset.datatypes.TabGroupItem
guidata.dataset.qtwidgets.DataSetEditLayout,plotpy.gui.dataset.qtwidgets.DataSetEditLayout
guidata.hdf5io.Dlist,plotpy.core.io.hdf5io.Dlist
guidata.disthelpers.prepend_module_to_path,plotpy.core.utils.disthelpers.prepend_module_to_path
guidata.disthelpers._remove_later,plotpy.core.utils.disthelpers._remove_later
guidata.dataset.dataitems.IntItem,plotpy.core.dataset.dataitems.IntItem
guidata.dataset.textedit.TextEditVisitor,plotpy.core.dataset.textedit.TextEditVisitor
guidata.dataset.qtitemwidgets.HLayoutMixin,plotpy.gui.dataset.qtitemwidgets.HLayoutMixin
guidata.userconfigio.UserConfigWriter,plotpy.core.config.userconfigio.UserConfigWriter
guidata.hdf5io.Attr,plotpy.core.io.hdf5io.Attr
guidata.dataset.qtitemwidgets.SliderWidget,plotpy.gui.dataset.qtitemwidgets.SliderWidget
guidata.hdf5io.HDF5Reader,plotpy.core.io.hdf5io.HDF5Reader
guidata.dataset.qtwidgets.DataSetGroupEditDialog,plotpy.gui.dataset.qtwidgets.DataSetGroupEditDialog
guidata.dataset.dataitems.FileOpenItem,plotpy.core.dataset.dataitems.FileOpenItem
guidata.dataset.dataitems.ButtonItem,plotpy.core.dataset.dataitems.ButtonItem
guidata.dataset.qtwidgets.DataSetEditDialog,plotpy.gui.dataset.qtwidgets.DataSetEditDialog
guidata.disthelpers.remove_dir,plotpy.core.utils.disthelpers.remove_dir
guidata.dataset.qtwidgets.DataSetShowWidget,plotpy.gui.dataset.qtwidgets.DataSetShowWidget
guidata.dataset.datatypes.DataItemProxy,plotpy.core.dataset.datatypes.DataItemProxy
guidata.dataset.qtitemwidgets.FloatSliderWidget,plotpy.gui.dataset.qtitemwidgets.FloatSliderWidget
guidata.dataset.datatypes.BeginGroup,plotpy.core.dataset.datatypes.BeginGroup
guidata.dataset.qtitemwidgets.AbstractDataSetWidget,plotpy.gui.dataset.qtitemwidgets.AbstractDataSetWidget
guidata.dataset.qtitemwidgets.CheckBoxWidget,plotpy.gui.dataset.qtitemwidgets.CheckBoxWidget
guidata.dataset.datatypes.FormatProp,plotpy.core.dataset.datatypes.FormatProp
guidata.dataset.datatypes.ItemProperty,plotpy.core.dataset.datatypes.ItemProperty
guidata.dataset.dataitems.TextItem,plotpy.core.dataset.dataitems.TextItem
guidata.dataset.qtwidgets.DataSetShowLayout,plotpy.gui.dataset.qtwidgets.DataSetShowLayout
guidata.userconfig._check_values,plotpy.core.config.userconfig._check_values
guidata.dataset.dataitems.ColorItem,plotpy.core.dataset.dataitems.ColorItem
guidata.disthelpers.prepend_modules_to_path,plotpy.core.utils.disthelpers.prepend_modules_to_path
guidata.dataset.dataitems.NumericTypeItem,plotpy.core.dataset.dataitems.NumericTypeItem
guidata.dataset.datatypes.ActivableDataSet,plotpy.core.dataset.datatypes.ActivableDataSet
guidata.dataset.qtitemwidgets.ColorWidget,plotpy.gui.dataset.qtitemwidgets.ColorWidget
guidata.dataset.qtitemwidgets._get_child_title_func,plotpy.gui.dataset.qtitemwidgets._get_child_title_func
guidata.dataset.qtitemwidgets.DateWidget,plotpy.gui.dataset.qtitemwidgets.DateWidget
guidata.dataset.dataitems.DirectoryItem,plotpy.core.dataset.dataitems.DirectoryItem
guidata.hdf5io.HDF5Handler,plotpy.core.io.hdf5io.HDF5Handler
guidata.dataset.dataitems.FloatArrayItem,plotpy.core.dataset.dataitems.FloatArrayItem
guidata.hdf5io.HDF5Writer,plotpy.core.io.hdf5io.HDF5Writer
guidata.dataset.qtitemwidgets.DirectoryWidget,plotpy.gui.dataset.qtitemwidgets.DirectoryWidget
guidata.dataset.qtitemwidgets.GroupLayout,plotpy.gui.dataset.qtitemwidgets.GroupLayout
guidata.dataset.dataitems.DateTimeItem,plotpy.core.dataset.dataitems.DateTimeItem
guidata.dataset.datatypes.NoDefault,plotpy.core.dataset.datatypes.NoDefault
guidata.dataset.qtitemwidgets.TextEditWidget,plotpy.gui.dataset.qtitemwidgets.TextEditWidget
guidata.dataset.datatypes.Obj,plotpy.core.dataset.datatypes.Obj
guidata.dataset.qtwidgets.DataSetShowGroupBox,plotpy.gui.dataset.qtwidgets.DataSetShowGroupBox
guidata.dataset.qtitemwidgets.ChoiceWidget,plotpy.gui.dataset.qtitemwidgets.ChoiceWidget
guidata.dataset.dataitems.DictItem,plotpy.gui.dataset.dataitems.DictItem
guidata.dataset.dataitems.FontFamilyItem,plotpy.core.dataset.dataitems.FontFamilyItem
guidata.dataset.datatypes.ValueProp,plotpy.core.dataset.datatypes.ValueProp
guidata.dataset.qtitemwidgets.TabGroupWidget,plotpy.gui.dataset.qtitemwidgets.TabGroupWidget
guidata.dataset.qtwidgets.DataSetEditGroupBox,plotpy.gui.dataset.qtwidgets.DataSetEditGroupBox
guidata.dataset.dataitems.BoolItem,plotpy.core.dataset.dataitems.BoolItem
guidata.dataset.dataitems.DateItem,plotpy.core.dataset.dataitems.DateItem
guidata.dataset.qtitemwidgets.ButtonWidget,plotpy.gui.dataset.qtitemwidgets.ButtonWidget
guidata.dataset.qtitemwidgets.LineEditWidget,plotpy.gui.dataset.qtitemwidgets.LineEditWidget
guidata.dataset.qtwidgets.ShowBooleanWidget,plotpy.gui.dataset.qtwidgets.ShowBooleanWidget
guidata.userconfig.UserConfig,plotpy.core.config.userconfig.UserConfig
guidata.disthelpers.to_include_files,plotpy.core.utils.disthelpers.to_include_files
guidata.disthelpers.strip_version,plotpy.core.utils.disthelpers.strip_version
guidata.hdf5io.H5Store,plotpy.core.io.hdf5io.H5Store
guidata.dataset.datatypes.BeginTabGroup,plotpy.core.dataset.datatypes.BeginTabGroup
guidata.dataset.datatypes.DataSet,plotpy.core.dataset.datatypes.DataSetGui,"Use DataSet class instead of DataSetGui only for non-gui scripts, see `DataSetGui vs DataSet`_"
guidata.hdf5io.TypeConverter,plotpy.core.io.hdf5io.TypeConverter
guidata.hdf5io.createdset,plotpy.core.io.hdf5io.createdset
guidata.dataset.datatypes.NotProp,plotpy.core.dataset.datatypes.NotProp
guidata.disthelpers.get_changeset,plotpy.core.utils.disthelpers.get_changeset
guidata.dataset.dataitems.FileSaveItem,plotpy.core.dataset.dataitems.FileSaveItem
guidata.dataset.dataitems.ChoiceItem,plotpy.core.dataset.dataitems.ChoiceItem
guidata.dataset.dataitems.FloatItem,plotpy.core.dataset.dataitems.FloatItem
guidata.dataset.datatypes.DataSetGroup,plotpy.core.dataset.datatypes.DataSetGroup
guidata.__init__.qapplication,plotpy.gui.__init__.qapplication
guidata.dataset.datatypes.EndGroup,plotpy.core.dataset.datatypes.EndGroup
guidata.userconfig.encode_to_utf8,plotpy.core.config.userconfig.encode_to_utf8
guidata.dataset.qtitemwidgets.DateTimeWidget,plotpy.gui.dataset.qtitemwidgets.DateTimeWidget
guidata.dataset.qtwidgets.DataSetShowDialog,plotpy.gui.dataset.qtwidgets.DataSetShowDialog
guidata.userconfig.NoDefault,plotpy.core.config.userconfig.NoDefault
guidata.dataset.qtitemwidgets.GroupWidget,plotpy.gui.dataset.qtitemwidgets.GroupWidget
guidata.dataset.qtitemwidgets.MultipleChoiceWidget,plotpy.gui.dataset.qtitemwidgets.MultipleChoiceWidget
guidata.dataset.qtitemwidgets.FileWidget,plotpy.gui.dataset.qtitemwidgets.FileWidget
guidata.userconfigio.UserConfigReader,plotpy.core.config.userconfigio.UserConfigReader
guidata.userconfig.get_config_dir,plotpy.core.config.userconfig.get_config_dir
guidata.dataset.datatypes.GroupItem,plotpy.core.dataset.datatypes.GroupItem
guidata.dataset.datatypes.DataItem,plotpy.core.dataset.datatypes.DataItem
guidata.dataset.dataitems.ImageChoiceItem,plotpy.core.dataset.dataitems.ImageChoiceItem
guidata.dataset.datatypes.EndTabGroup,plotpy.core.dataset.datatypes.EndTabGroup
guidata.dataset.datatypes.ObjectItem,plotpy.core.dataset.datatypes.ObjectItem
guidata.userconfigio.GroupContext,plotpy.core.config.userconfigio.GroupContext
guidata.userconfigio.BaseIOHandler,plotpy.core.config.userconfigio.BaseIOHandler
guiqwt.plot.CurveWindow,plotpy.gui.widgets.plot.PlotWindow,See `Generic PlotWidgets`_
guiqwt.image._nanmin,plotpy.gui.widgets.items.image._nanmin
guiqwt.plot.BaseImageWidget,plotpy.gui.widgets.plot.BasePlotWidget,See `Generic PlotWidgets`_
guiqwt.pyplot.subplot,plotpy.gui.widgets.pyplot.subplot
guiqwt.qthelpers.exec_image_save_dialog,plotpy.gui.widgets.qthelpers.exec_image_save_dialog
guiqwt.pyplot.ylabel,plotpy.gui.widgets.pyplot.ylabel
guiqwt.curve.GridItem,plotpy.gui.widgets.items.curve.GridItem
guiqwt.pyplot.ioff,plotpy.gui.widgets.pyplot.ioff
guiqwt.shapes.Axes,plotpy.gui.widgets.items.shapes.Axes
guiqwt.cross_section.get_object_coordinates,plotpy.gui.widgets.cross_section.get_object_coordinates
guiqwt.image.XYImageItem,plotpy.gui.widgets.items.image.XYImageItem,see `Renamed PlotItems fields`_"
guiqwt.pyplot.legend,plotpy.gui.widgets.pyplot.legend
guiqwt.curve.norm2,plotpy.gui.widgets.items.curve.norm2
guiqwt.annotations.AnnotatedCircle,plotpy.gui.widgets.items.annotations.AnnotatedCircle
guiqwt.events.PanHandler,plotpy.gui.widgets.events.PanHandler
guiqwt.cross_section.YCrossSectionPlot,plotpy.gui.widgets.cross_section.YCrossSectionPlot
guiqwt.geometry.vector_angle,plotpy.gui.widgets.geometry.vector_angle
guiqwt.io._import_dcm,plotpy.gui.widgets.io._import_dcm
guiqwt.styles.LegendParam_MS,plotpy.gui.widgets.styles.LegendParam_MS
guiqwt.interfaces.IPlotManager,plotpy.gui.widgets.interfaces.IPlotManager
guiqwt.qtdesigner.Form,plotpy.gui.widgets.qtdesigner.Form
guiqwt.pyplot.savefig,plotpy.gui.widgets.pyplot.savefig
guiqwt.label.SelectedLegendBoxItem,plotpy.gui.widgets.items.label.SelectedLegendBoxItem
guiqwt.tools.InteractiveTool,plotpy.gui.widgets.tools.InteractiveTool
guiqwt.tools.EditItemDataTool,plotpy.gui.widgets.tools.EditItemDataTool
guiqwt.cross_section.CrossSectionItem,plotpy.gui.widgets.cross_section.CrossSectionItem
guiqwt.tools.DeleteItemTool,plotpy.gui.widgets.tools.DeleteItemTool
guiqwt.styles.LabelParam_MS,plotpy.gui.widgets.styles.LabelParam_MS
guiqwt.tools.AnnotatedPointTool,plotpy.gui.widgets.tools.AnnotatedPointTool
guiqwt.styles.TextStyleItemWidget,plotpy.gui.widgets.styles.TextStyleItemWidget
guiqwt.histogram.HistogramItem,plotpy.gui.widgets.histogram.HistogramItem
guiqwt.qthelpers.exec_images_open_dialog,plotpy.gui.widgets.qthelpers.exec_images_open_dialog
guiqwt.styles.AxisParam,plotpy.gui.widgets.styles.AxisParam
guiqwt.styles.AxesParam,plotpy.gui.widgets.styles.AxesParam
guiqwt.plot.PlotManager,plotpy.gui.widgets.plot.PlotManager
guiqwt.debug.evt_type_to_str,plotpy.gui.widgets.debug.evt_type_to_str
guiqwt.scaler.resize,plotpy.gui.widgets.scaler.resize
guiqwt.geometry.compute_center,plotpy.gui.widgets.geometry.compute_center
guiqwt.image.MaskedImageItem,plotpy.gui.widgets.items.image.MaskedImageItem,see `Renamed PlotItems fields`_"
guiqwt.curve.seg_dist,plotpy.gui.widgets.items.curve.seg_dist
guiqwt.label.LegendBoxItem,plotpy.gui.widgets.items.label.LegendBoxItem
guiqwt.tools.RectZoomTool,plotpy.gui.widgets.tools.RectZoomTool
guiqwt.tools.edit_image_data,plotpy.gui.widgets.tools.edit_image_data
guiqwt.styles.CurveParam,plotpy.gui.widgets.styles.CurveParam,See `Renamed update_curve and update_image methods`_
guiqwt.pyplot.show,plotpy.gui.widgets.pyplot.show
guiqwt.styles.RawImageParam,plotpy.gui.widgets.styles.RawImageParam,See `Renamed update_curve and update_image methods`_
guiqwt.tools.AnnotatedSegmentTool,plotpy.gui.widgets.tools.AnnotatedSegmentTool
guiqwt.styles.ImageFilterParam,plotpy.gui.widgets.styles.ImageFilterParam
guiqwt.geometry.vector_norm,plotpy.gui.widgets.geometry.vector_norm
guiqwt.styles.QuadGridParam,plotpy.gui.widgets.styles.QuadGridParam,See `Renamed update_curve and update_image methods`_
guiqwt.tools.OpenImageTool,plotpy.gui.widgets.tools.OpenImageTool
guiqwt.colormap.get_cmap,plotpy.gui.widgets.colormap.get_cmap
guiqwt.tools.AnnotatedRectangleTool,plotpy.gui.widgets.tools.AnnotatedRectangleTool
guiqwt.plot.DefaultPlotID,plotpy.gui.widgets.plot.DefaultPlotID
guiqwt.image._nanmax,plotpy.gui.widgets.items.image._nanmax
guiqwt.geometry.compute_distance,plotpy.gui.widgets.geometry.compute_distance
guiqwt.events.AutoZoomHandler,plotpy.gui.widgets.events.AutoZoomHandler
guiqwt.io.save_item,plotpy.gui.widgets.io.save_item
guiqwt.image.ImagePlot,plotpy.gui.widgets.items.baseplot.BasePlot,See `Generic PlotWidgets`_
guiqwt.styles.LabelParamWithContents_MS,plotpy.gui.widgets.styles.LabelParamWithContents_MS
guiqwt.colormap.build_icon_from_cmap,plotpy.gui.widgets.colormap.build_icon_from_cmap
guiqwt.shapes.ObliqueRectangleShape,plotpy.gui.widgets.items.shapes.ObliqueRectangleShape
guiqwt.geometry.compute_rect_size,plotpy.gui.widgets.geometry.compute_rect_size
guiqwt.styles.RangeShapeParam,plotpy.gui.widgets.styles.RangeShapeParam
guiqwt.interfaces.IShapeItemType,plotpy.gui.widgets.interfaces.IShapeItemType
guiqwt.pyplot.gca,plotpy.gui.widgets.pyplot.gca
guiqwt.tools.ExportItemDataTool,plotpy.gui.widgets.tools.ExportItemDataTool
guiqwt.widgets.rotatecrop.RotateCropWidget,plotpy.gui.widgets.rotatecrop.RotateCropWidget
guiqwt.interfaces.ICurveItemType,plotpy.gui.widgets.interfaces.ICurveItemType
guiqwt.tools.BasePlotMenuTool,plotpy.gui.widgets.tools.BasePlotMenuTool
guiqwt.curve.PlotItemList,plotpy.gui.widgets.baseplot.PlotItemList
guiqwt.colormap._interpolate,plotpy.gui.widgets.colormap._interpolate
guiqwt.colormap.get_colormap_list,plotpy.gui.widgets.colormap.get_colormap_list
guiqwt.pyplot.zlabel,plotpy.gui.widgets.pyplot.zlabel
guiqwt.geometry.translate,plotpy.gui.widgets.geometry.translate
guiqwt.geometry.colvector,plotpy.gui.widgets.geometry.colvector
guiqwt.pyplot.close,plotpy.gui.widgets.pyplot.close
guiqwt.styles.FontParam,plotpy.gui.widgets.styles.FontParam
guiqwt.tools.CommandTool,plotpy.gui.widgets.tools.CommandTool
guiqwt.widgets.fit.AutoFitParam,plotpy.gui.widgets.fit.AutoFitParam
guiqwt.events.EventMatch,plotpy.gui.widgets.events.EventMatch
guiqwt.styles.BrushStyleItem,plotpy.gui.widgets.styles.BrushStyleItem
guiqwt.histogram.lut_range_threshold,plotpy.gui.widgets.histogram.lut_range_threshold
guiqwt.tools.SignalStatsTool,plotpy.gui.widgets.tools.CurveStatsTool,Class name changed
guiqwt.colormap.register_extra_colormap,plotpy.gui.widgets.colormap.register_extra_colormap
guiqwt.label.LabelItem,plotpy.gui.widgets.items.label.LabelItem
guiqwt.label.AbstractLabelItem,plotpy.gui.widgets.items.label.AbstractLabelItem
guiqwt.tools.RotateCropTool,plotpy.gui.widgets.tools.RotateCropTool
guiqwt.interfaces.ISerializableType,plotpy.gui.widgets.interfaces.ISerializableType
guiqwt.pyplot.interactive,plotpy.gui.widgets.pyplot.interactive
guiqwt.image.pixelround,plotpy.gui.widgets.items.image.pixelround
guiqwt.histogram.EliminateOutliersParam,plotpy.gui.widgets.histogram.EliminateOutliersParam
guiqwt.tools.TextParam,plotpy.gui.widgets.tools.TextParam
guiqwt.interfaces.ITrackableItemType,plotpy.gui.widgets.interfaces.ITrackableItemType
guiqwt.tools.GuiTool,plotpy.gui.widgets.tools.GuiTool
guiqwt.plot.CurveWidget,plotpy.gui.widgets.plot.PlotWidget,See `Generic PlotWidgets`_
guiqwt.interfaces.IExportROIImageItemType,plotpy.gui.widgets.interfaces.IExportROIImageItemType
guiqwt.image.MaskedArea,plotpy.gui.widgets.items.image.MaskedArea
guiqwt.pyplot.Axes,plotpy.gui.widgets.pyplot.Axes
guiqwt.events.QtDragHandler,plotpy.gui.widgets.events.QtDragHandler
guiqwt.annotations.AnnotatedEllipse,plotpy.gui.widgets.items.annotations.AnnotatedEllipse
guiqwt.styles.FontItemWidget,plotpy.gui.widgets.styles.FontItemWidget
guiqwt.curve.test_seg_dist,plotpy.gui.widgets.items.curve.test_seg_dist
guiqwt.config.make_title,plotpy.gui.widgets.config.make_title
guiqwt.tools.LoadItemsTool,plotpy.gui.widgets.tools.LoadItemsTool
guiqwt.styles.LabelParam,plotpy.gui.widgets.styles.LabelParam
guiqwt.tools.AverageCrossSectionTool,plotpy.gui.widgets.tools.AverageCrossSectionTool
guiqwt.curve.ErrorBarCurveItem,plotpy.gui.widgets.items.curve.ErrorBarCurveItem
guiqwt.plot.CurveWidgetMixin,plotpy.gui.widgets.plot.PlotWidgetMixin,See `Generic PlotWidgets`_
guiqwt.cross_section.HorizontalCrossSectionPlot,plotpy.gui.widgets.cross_section.HorizontalCrossSectionPlot
guiqwt.label.RangeComputation2d,plotpy.gui.widgets.items.label.RangeComputation2d
guiqwt.io.save_items,plotpy.gui.widgets.io.save_items
guiqwt.image.BaseImageItem,plotpy.gui.widgets.items.image.BaseImageItem,see `Renamed PlotItems fields`_"
guiqwt.tools.YCSPanelTool,plotpy.gui.widgets.tools.YCSPanelTool
guiqwt.pyplot.do_mainloop,plotpy.gui.widgets.pyplot.do_mainloop
guiqwt.pyplot.colormap,plotpy.gui.widgets.pyplot.colormap
guiqwt.pyplot.title,plotpy.gui.widgets.pyplot.title
guiqwt.tools.ImageMaskTool,plotpy.gui.widgets.tools.ImageMaskTool
guiqwt.tools.DefaultToolbarID,plotpy.gui.widgets.tools.DefaultToolbarID
guiqwt.io.item_name_from_object,plotpy.gui.widgets.io.item_name_from_object
guiqwt.events.MouseMoveMatch,plotpy.gui.widgets.events.MouseMoveMatch
guiqwt.label.RangeInfo,plotpy.gui.widgets.items.label.RangeInfo
guiqwt.tools.AspectRatioTool,plotpy.gui.widgets.tools.AspectRatioTool
guiqwt.io.imagefile_to_array,plotpy.gui.widgets.io.imagefile_to_array
guiqwt.tools.PlaceAxesTool,plotpy.gui.widgets.tools.PlaceAxesTool
guiqwt.colormap._setup_colormap,plotpy.gui.widgets.colormap._setup_colormap
guiqwt.label.ObjectInfo,plotpy.gui.widgets.items.label.ObjectInfo
guiqwt.styles.ImageParam,plotpy.gui.widgets.styles.ImageParam,See `Renamed update_curve and update_image methods`_
guiqwt.plot.CurveDialog,plotpy.gui.widgets.plot.PlotDialog,See `Generic PlotWidgets`_
guiqwt.events.MoveHandler,plotpy.gui.widgets.events.MoveHandler
guiqwt.tools.export_image_data,plotpy.gui.widgets.tools.export_image_data
guiqwt.image.QuadGridItem,plotpy.gui.widgets.items.image.QuadGridItem
guiqwt.styles.FontItem,plotpy.gui.widgets.styles.FontItem
guiqwt.tools.AxisScaleTool,plotpy.gui.widgets.tools.AxisScaleTool
guiqwt.pyplot.imshow,plotpy.gui.widgets.pyplot.imshow
guiqwt.styles.TextStyleParam,plotpy.gui.widgets.styles.TextStyleParam
guiqwt.cross_section.get_plot_x_section,plotpy.gui.widgets.cross_section.get_plot_x_section
guiqwt.annotations.AnnotatedObliqueRectangle,plotpy.gui.widgets.items.annotations.AnnotatedObliqueRectangle
guiqwt.cross_section.get_plot_average_x_section,plotpy.gui.widgets.cross_section.get_plot_average_x_section
guiqwt.widgets.fliprotate.MultipleFlipRotateWidget,plotpy.gui.widgets.fliprotate.MultipleFlipRotateWidget
guiqwt.interfaces.IVoiImageItemType,plotpy.gui.widgets.interfaces.IVoiImageItemType
guiqwt.tools.ObliqueRectangleTool,plotpy.gui.widgets.tools.ObliqueRectangleTool
guiqwt.tools.HCursorTool,plotpy.gui.widgets.tools.HCursorTool
guiqwt.pyplot.errorbar,plotpy.gui.widgets.pyplot.errorbar
guiqwt.tools.ColormapTool,plotpy.gui.widgets.tools.ColormapTool
guiqwt.cross_section.XCrossSection,plotpy.gui.widgets.cross_section.XCrossSection
guiqwt.io._imread_dcm,plotpy.gui.widgets.io._imread_dcm
guiqwt.events.setup_standard_tool_filter,plotpy.gui.widgets.events.setup_standard_tool_filter
guiqwt.image.get_image_from_plot,plotpy.gui.widgets.items.image.get_image_from_plot
guiqwt.tools.ReverseYAxisTool,plotpy.gui.widgets.tools.ReverseYAxisTool
guiqwt.tools.ContrastPanelTool,plotpy.gui.widgets.tools.ContrastPanelTool
guiqwt.styles.style_generator,plotpy.gui.widgets.styles.style_generator
guiqwt.io.scale_data_to_dtype,plotpy.gui.widgets.io.scale_data_to_dtype
guiqwt.tools.SegmentTool,plotpy.gui.widgets.tools.SegmentTool
guiqwt.cross_section.XCrossSectionItem,plotpy.gui.widgets.cross_section.XCrossSectionItem
guiqwt.styles.BrushStyleParam,plotpy.gui.widgets.styles.BrushStyleParam
guiqwt.tools.SelectPointTool,plotpy.gui.widgets.tools.SelectPointTool
guiqwt.tools.ImageStatsRectangle,plotpy.gui.widgets.tools.ImageStatsRectangle
guiqwt.styles.Histogram2DParam_MS,plotpy.gui.widgets.styles.Histogram2DParam_MS
guiqwt.annotations.AnnotatedPoint,plotpy.gui.widgets.items.annotations.AnnotatedPoint
guiqwt.io._imwrite_pil,plotpy.gui.widgets.io._imwrite_pil
guiqwt.styles.LineStyleItemWidget,plotpy.gui.widgets.styles.LineStyleItemWidget
guiqwt.cross_section.CrossSectionWidget,plotpy.gui.widgets.cross_section.CrossSectionWidget
guiqwt.tools.ImageStatsTool,plotpy.gui.widgets.tools.ImageStatsTool
guiqwt.image.get_items_in_rectangle,plotpy.gui.widgets.image.get_items_in_rectangle
guiqwt.pyplot.hist,plotpy.gui.widgets.pyplot.hist
guiqwt.pyplot.figure,plotpy.gui.widgets.pyplot.figure
guiqwt.events.UndoMovePoint,plotpy.gui.widgets.events.UndoMovePoint
guiqwt.pyplot.grid,plotpy.gui.widgets.pyplot.grid
guiqwt.styles.ImageAxesParam,plotpy.gui.widgets.styles.ImageAxesParam
guiqwt.cross_section.CrossSectionPlot,plotpy.gui.widgets.cross_section.CrossSectionPlot
guiqwt.tools.AspectRatioParam,plotpy.gui.widgets.tools.AspectRatioParam
guiqwt.curve._transform,plotpy.gui.widgets.items.curve._transform
guiqwt.styles.RawImageParam_MS,plotpy.gui.widgets.styles.RawImageParam_MS
guiqwt.styles.LineStyleParam,plotpy.gui.widgets.styles.LineStyleParam
guiqwt.styles.HistogramParam,plotpy.gui.widgets.styles.HistogramParam
guiqwt.curve.CurvePlot,plotpy.gui.widgets.baseplot.BasePlot,See `Generic PlotWidgets`_
guiqwt.pyplot.semilogx,plotpy.gui.widgets.pyplot.semilogx
guiqwt.debug.print_event,plotpy.gui.widgets.debug.print_event
guiqwt.interfaces.IBaseImageItem,plotpy.gui.widgets.interfaces.IBaseImageItem
guiqwt.image.get_image_in_shape,plotpy.gui.widgets.items.image.get_image_in_shape
guiqwt.widgets.rotatecrop.RotateCropDialog,plotpy.gui.widgets.rotatecrop.RotateCropDialog
guiqwt.io.array_to_imagefile,plotpy.gui.widgets.io.array_to_imagefile
guiqwt.cross_section.get_rectangular_area,plotpy.gui.widgets.cross_section.get_rectangular_area
guiqwt.image.RawImageItem,plotpy.gui.widgets.items.image.RawImageItem,see `Renamed PlotItems fields`_"
guiqwt.qtdesigner.CustomWidgetPlugin,plotpy.gui.widgets.qtdesigner.CustomWidgetPlugin
guiqwt.shapes.Marker,plotpy.gui.widgets.items.shapes.Marker
guiqwt.cross_section.ObliqueCrossSection,plotpy.gui.widgets.cross_section.ObliqueCrossSection
guiqwt.tools.update_image_tool_status,plotpy.gui.widgets.tools.update_image_tool_status
guiqwt.styles.TrImageParam_MS,plotpy.gui.widgets.styles.TrImageParam_MS
guiqwt.tools.DisplayCoordsTool,plotpy.gui.widgets.tools.DisplayCoordsTool
guiqwt.events.MouseEventMatch,plotpy.gui.widgets.events.MouseEventMatch
guiqwt.qtdesigner.loadui,plotpy.gui.widgets.qtdesigner.loadui
guiqwt.image.ImageItem,plotpy.gui.widgets.items.image.ImageItem,see `Renamed PlotItems fields`_"
guiqwt.styles.SymbolItem,plotpy.gui.widgets.styles.SymbolItem
guiqwt.pyplot.gcf,plotpy.gui.widgets.pyplot.gcf
guiqwt.tools.ItemCenterTool,plotpy.gui.widgets.tools.ItemCenterTool
guiqwt.curve.vmap,plotpy.gui.widgets.items.curve.vmap
guiqwt.styles.LabelParamWithContents,plotpy.gui.widgets.styles.LabelParamWithContents
guiqwt.pyplot.ion,plotpy.gui.widgets.pyplot.ion
guiqwt.io.ImageIOHandler,plotpy.gui.widgets.io.ImageIOHandler
guiqwt.qtdesigner.compileui,plotpy.gui.widgets.qtdesigner.compileui
guiqwt.shapes.EllipseShape,plotpy.gui.widgets.items.shapes.EllipseShape
guiqwt.tools.XCSPanelTool,plotpy.gui.widgets.tools.XCSPanelTool
guiqwt.tools.HRangeTool,plotpy.gui.widgets.tools.HRangeTool
guiqwt.curve.test_seg_dist_v,plotpy.gui.widgets.curve.test_seg_dist_v
guiqwt.qthelpers.exec_image_open_dialog,plotpy.gui.widgets.qthelpers.exec_image_open_dialog
guiqwt.curve.seg_dist_v,plotpy.gui.widgets.curve.items.seg_dist_v
guiqwt.interfaces.IPanel,plotpy.gui.widgets.interfaces.IPanel
guiqwt.widgets.fit.FitWidget,plotpy.gui.widgets.fit.FitWidget
guiqwt.widgets.rotatecrop.MultipleRotateCropWidget,plotpy.gui.widgets.rotatecrop.MultipleRotateCropWidget
guiqwt.label.DataInfoLabel,plotpy.gui.widgets.items.label.DataInfoLabel
guiqwt.widgets.fliprotate.FlipRotateMixin,plotpy.gui.widgets.fliprotate.FlipRotateMixin
guiqwt.io.load_items,plotpy.gui.widgets.io.load_items
guiqwt.geometry.vector_projection,plotpy.gui.widgets.geometry.vector_projection
guiqwt.io._imread_pil,plotpy.gui.widgets.io._imread_pil
guiqwt.image.XYImageFilterItem,plotpy.gui.widgets.items.image.XYImageFilterItem
guiqwt.curve._simplify_poly,plotpy.gui.widgets.curve.items._simplify_poly
guiqwt.pyplot.Window,plotpy.gui.widgets.pyplot.Window
guiqwt.curve.CurveItem,plotpy.gui.widgets.items.curve.CurveItem,"Renamed curveparam field to param,see `Renamed PlotItems fields`_"
guiqwt.events.StatefulEventFilter,plotpy.gui.widgets.events.StatefulEventFilter
guiqwt.histogram.HistDataSource,plotpy.gui.widgets.histogram.HistDataSource
guiqwt.styles.ItemParameters,plotpy.gui.widgets.styles.ItemParameters
guiqwt.interfaces.IBasePlotItem,plotpy.gui.widgets.interfaces.IBasePlotItem
guiqwt.shapes.AbstractShape,plotpy.gui.widgets.items.shapes.AbstractShape
guiqwt.tools.LabelTool,plotpy.gui.widgets.tools.LabelTool
guiqwt.colormap.get_cmap_name,plotpy.gui.widgets.colormap.get_cmap_name
guiqwt.styles.BaseImageParam,plotpy.gui.widgets.styles.BaseImageParam,See `Renamed update_curve and update_image methods`_
guiqwt.pyplot.xlabel,plotpy.gui.widgets.pyplot.xlabel
guiqwt.geometry.compute_angle,plotpy.gui.widgets.geometry.compute_angle
guiqwt.pyplot.semilogy,plotpy.gui.widgets.pyplot.semilogy
guiqwt.io.eliminate_outliers,plotpy.gui.widgets.io.eliminate_outliers
guiqwt.label.RangeComputation,plotpy.gui.widgets.items.label.RangeComputation
guiqwt.tools.ItemManipulationBaseTool,plotpy.gui.widgets.tools.ItemManipulationBaseTool
guiqwt.geometry.vector_rotation,plotpy.gui.widgets.geometry.vector_rotation
guiqwt.styles.MarkerParam,plotpy.gui.widgets.styles.MarkerParam
guiqwt.widgets.resizedialog.is_edit_valid,plotpy.gui.widgets.resizedialog.is_edit_valid
guiqwt.styles.AxeStyleParam,plotpy.gui.widgets.styles.AxeStyleParam
guiqwt.plot.ImageWidget,plotpy.gui.widgets.plot.PlotWidget,See `Generic PlotWidgets`_
guiqwt.styles.LineStyleItem,plotpy.gui.widgets.styles.LineStyleItem
guiqwt.io._imwrite_txt,plotpy.gui.widgets.io._imwrite_txt
guiqwt.widgets.base.BaseTransformWidget,plotpy.gui.widgets.base.BaseTransformWidget
guiqwt.styles._font_selection,plotpy.gui.widgets.styles._font_selection
guiqwt.tools.PanelTool,plotpy.gui.widgets.tools.PanelTool
guiqwt.interfaces.IItemType,plotpy.gui.widgets.interfaces.IItemType
guiqwt.image.get_plot_qrect,plotpy.gui.widgets.items.image.get_plot_qrect
guiqwt.tools.HelpTool,plotpy.gui.widgets.tools.HelpTool
guiqwt.styles.AxesShapeParam,plotpy.gui.widgets.styles.AxesShapeParam
guiqwt.image.TrImageItem,plotpy.gui.widgets.items.image.TrImageItem,see `Renamed PlotItems fields`_"
guiqwt.pyplot.pcolor,plotpy.gui.widgets.pyplot.pcolor
guiqwt.cross_section.YCrossSection,plotpy.gui.widgets.cross_section.YCrossSection
guiqwt.tools.DummySeparatorTool,plotpy.gui.widgets.tools.DummySeparatorTool
guiqwt.image.get_image_from_qrect,plotpy.gui.widgets.items.image.get_image_from_qrect
guiqwt.tools.FreeFormTool,plotpy.gui.widgets.tools.FreeFormTool
guiqwt.plot.BaseCurveWidget,plotpy.gui.widgets.plot.BasePlotWidget,See `Generic PlotWidgets`_
guiqwt.colormap.build_icon_from_cmap_name,plotpy.gui.widgets.colormap.build_icon_from_cmap_name
guiqwt.pyplot.loglog,plotpy.gui.widgets.pyplot.loglog
guiqwt.widgets.fit.FitParamDataSet,plotpy.gui.widgets.fit.FitParamDataSet
guiqwt.styles.AxisItemWidget,plotpy.gui.widgets.styles.AxisItemWidget
guiqwt.tools.ToggleTool,plotpy.gui.widgets.tools.ToggleTool
guiqwt.events.KeyEventMatch,plotpy.gui.widgets.events.KeyEventMatch
guiqwt.pyplot.imread,plotpy.gui.widgets.pyplot.imread
guiqwt.tools.PointTool,plotpy.gui.widgets.tools.PointTool
guiqwt.tools.AnnotatedCircleTool,plotpy.gui.widgets.tools.AnnotatedCircleTool
guiqwt.widgets.base.BaseTransformMixin,plotpy.gui.widgets.base.BaseTransformMixin
guiqwt.styles.SymbolItemWidget,plotpy.gui.widgets.styles.SymbolItemWidget
guiqwt.tools.EllipseTool,plotpy.gui.widgets.tools.EllipseTool
guiqwt.cross_section.VerticalCrossSectionPlot,plotpy.gui.widgets.cross_section.VerticalCrossSectionPlot
guiqwt.plot.configure_plot_splitter,plotpy.gui.widgets.plot.configure_plot_splitter
guiqwt.interfaces.IHistDataSource,plotpy.gui.widgets.interfaces.IHistDataSource
guiqwt.tools.XCursorTool,plotpy.gui.widgets.tools.XCursorTool
guiqwt.pyplot.plotyy,plotpy.gui.widgets.pyplot.plotyy
guiqwt.baseplot.BasePlot,plotpy.gui.widgets.baseplot.BasePlot,See `Generic PlotWidgets`_
guiqwt.cross_section.ObliqueCrossSectionPlot,plotpy.gui.widgets.cross_section.ObliqueCrossSectionPlot
guiqwt.plot.ImageWidgetMixin,plotpy.gui.widgets.plot.PlotWidgetMixin,See `Generic PlotWidgets`_
guiqwt.annotations.AnnotatedShape,plotpy.gui.widgets.items.annotations.AnnotatedShape
guiqwt.styles.LegendParam,plotpy.gui.widgets.styles.LegendParam
guiqwt.annotations.AnnotatedRectangle,plotpy.gui.widgets.items.annotations.AnnotatedRectangle
guiqwt.styles.XYImageParam,plotpy.gui.widgets.styles.XYImageParam
guiqwt.io.register_serializable_items,plotpy.gui.widgets.io.register_serializable_items
guiqwt.io.imread,plotpy.gui.widgets.io.imread
guiqwt.tools.ItemListPanelTool,plotpy.gui.widgets.tools.ItemListPanelTool
guiqwt.events.DragHandler,plotpy.gui.widgets.events.DragHandler
guiqwt.io._imread_txt,plotpy.gui.widgets.io._imread_txt
guiqwt.events.ZoomHandler,plotpy.gui.widgets.events.ZoomHandler
guiqwt.plot.ImageDialog,plotpy.gui.widgets.plot.PlotDialog,See `Generic PlotWidgets`_
guiqwt.styles.TrImageParam,plotpy.gui.widgets.styles.TrImageParam,See `Renamed update_curve and update_image methods`_
guiqwt.qtdesigner.create_qtdesigner_plugin,plotpy.gui.widgets.qtdesigner.create_qtdesigner_plugin
guiqwt.image.assemble_imageitems,plotpy.gui.widgets.items.image.assemble_imageitems
guiqwt.interfaces.ICSImageItemType,plotpy.gui.widgets.interfaces.ICSImageItemType
guiqwt.styles.BrushStyleItemWidget,plotpy.gui.widgets.styles.BrushStyleItemWidget
guiqwt.events.ZoomRectHandler,plotpy.gui.widgets.events.ZoomRectHandler
guiqwt.styles.update_style_attr,plotpy.gui.widgets.styles.update_style_attr
guiqwt.widgets.fit.FitParam,plotpy.gui.widgets.fit.FitParam
guiqwt.baseplot.canvas_to_axes,plotpy.gui.widgets.baseplot.canvas_to_axes
guiqwt.events.ClickHandler,plotpy.gui.widgets.events.ClickHandler
guiqwt.shapes.XRangeSelection,plotpy.gui.widgets.items.shapes.XRangeSelection
guiqwt.styles.SymbolParam,plotpy.gui.widgets.styles.SymbolParam
guiqwt.tools.export_curve_data,plotpy.gui.widgets.tools.export_curve_data
guiqwt.tools.RectangleTool,plotpy.gui.widgets.tools.RectangleTool
guiqwt.pyplot._show_if_interactive,plotpy.gui.widgets.pyplot._show_if_interactive
guiqwt.tools.SnapshotTool,plotpy.gui.widgets.tools.SnapshotTool
guiqwt.histogram.LevelsHistogram,plotpy.gui.widgets.histogram.LevelsHistogram
guiqwt.plot.ImageWindow,plotpy.gui.widgets.plot.PlotWindow,See `Generic PlotWidgets`_
guiqwt.io.load_item,plotpy.gui.widgets.io.load_item
guiqwt.pyplot._make_figure_title,plotpy.gui.widgets.pyplot._make_figure_title
guiqwt.debug.qimage_to_str,plotpy.gui.widgets.debug.qimage_to_str
guiqwt.widgets.fit.guifit,plotpy.gui.widgets.fit.guifit
guiqwt.widgets.resizedialog.ResizeDialog,plotpy.gui.widgets.resizedialog.ResizeDialog
guiqwt.histogram.ContrastAdjustment,plotpy.gui.widgets.histogram.ContrastAdjustment
guiqwt.styles.AnnotationParam,plotpy.gui.widgets.styles.AnnotationParam
guiqwt.tools.SelectTool,plotpy.gui.widgets.tools.SelectTool
guiqwt.image.compute_trimageitems_original_size,plotpy.gui.widgets.items.image.compute_trimageitems_original_size
guiqwt.styles._create_choices,plotpy.gui.widgets.styles._create_choices
guiqwt.events.RectangularSelectionHandler,plotpy.gui.widgets.events.RectangularSelectionHandler
guiqwt.tools.VCursorTool,plotpy.gui.widgets.tools.VCursorTool
guiqwt.styles.build_reverse_map,plotpy.gui.widgets.styles.build_reverse_map
guiqwt.cross_section.YCrossSectionItem,plotpy.gui.widgets.cross_section.YCrossSectionItem
guiqwt.tools.RectangularShapeTool,plotpy.gui.widgets.tools.RectangularShapeTool
guiqwt.debug.buttons_to_str,plotpy.gui.widgets.debug.buttons_to_str
guiqwt.builder.PlotItemBuilder,plotpy.gui.widgets.builder.PlotItemBuilder
guiqwt.annotations.AnnotatedSegment,plotpy.gui.widgets.items.annotations.AnnotatedSegment
guiqwt.image.RGBImageItem,plotpy.gui.widgets.items.image.RGBImageItem,see `Renamed PlotItems fields`_"
guiqwt.tools.ObliqueCrossSectionTool,plotpy.gui.widgets.tools.ObliqueCrossSectionTool
guiqwt.pyplot.yreverse,plotpy.gui.widgets.pyplot.yreverse
guiqwt.interfaces.IColormapImageItemType,plotpy.gui.widgets.interfaces.IColormapImageItemType
guiqwt.widgets.fit.FitDialog,plotpy.gui.widgets.fit.FitDialog
guiqwt.tools.CircleTool,plotpy.gui.widgets.tools.CircleTool
guiqwt.pyplot._add_colormaps,plotpy.gui.widgets.pyplot._add_colormaps
guiqwt.interfaces.IImageItemType,plotpy.gui.widgets.interfaces.IImageItemType
guiqwt.cross_section.get_plot_y_section,plotpy.gui.widgets.cross_section.get_plot_y_section
guiqwt.events.StandardKeyMatch,plotpy.gui.widgets.events.StandardKeyMatch
guiqwt.widgets.base.BaseMultipleTransformWidget,plotpy.gui.widgets.base.BaseMultipleTransformWidget
guiqwt.styles.ErrorBarParam,plotpy.gui.widgets.styles.ErrorBarParam,See `Renamed update_curve and update_image methods`_
guiqwt.tools.CopyToClipboardTool,plotpy.gui.widgets.tools.CopyToClipboardTool
guiqwt.shapes.RectangleShape,plotpy.gui.widgets.items.shapes.RectangleShape
guiqwt.tools.SaveAsTool,plotpy.gui.widgets.tools.SaveAsTool
guiqwt.io.imwrite,plotpy.gui.widgets.io.imwrite
guiqwt.io._imwrite_dcm,plotpy.gui.widgets.io._imwrite_dcm
guiqwt.shapes.PointShape,plotpy.gui.widgets.items.shapes.PointShape
guiqwt.styles.Histogram2DParam,plotpy.gui.widgets.styles.Histogram2DParam
guiqwt.curve.PolygonMapItem,plotpy.gui.widgets.items.curve.PolygonMapItem
guiqwt.tools.AnnotatedObliqueRectangleTool,plotpy.gui.widgets.tools.AnnotatedObliqueRectangleTool
guiqwt.styles.ShapeParam,plotpy.gui.widgets.styles.ShapeParam
guiqwt.tools.OpenFileTool,plotpy.gui.widgets.tools.OpenFileTool
guiqwt.image.ImageFilterItem,plotpy.gui.widgets.items.image.ImageFilterItem,see `Renamed PlotItems fields`_"
guiqwt.debug.qimage_format,plotpy.gui.widgets.debug.qimage_format
guiqwt.image.to_bins,plotpy.gui.widgets.items.image.to_bins
guiqwt.styles.MaskedImageParam,plotpy.gui.widgets.styles.MaskedImageParam,See `Renamed update_curve and update_image methods`_
guiqwt.tools.PrintTool,plotpy.gui.widgets.tools.PrintTool
guiqwt.panels.PanelWidget,plotpy.gui.widgets.panels.PanelWidget
guiqwt.cross_section.XCrossSectionPlot,plotpy.gui.widgets.cross_section.XCrossSectionPlot
guiqwt.interfaces.IStatsImageItemType,plotpy.gui.widgets.interfaces.IStatsImageItemType
guiqwt.shapes.SegmentShape,plotpy.gui.widgets.items.shapes.SegmentShape
guiqwt.pyplot.plot,plotpy.gui.widgets.pyplot.plot
guiqwt.widgets.base.BaseTransformDialog,plotpy.gui.widgets.base.BaseTransformDialog
guiqwt.styles.RGBImageParam,plotpy.gui.widgets.styles.RGBImageParam,See `Renamed update_curve and update_image methods`_
guiqwt.styles.CurveParam_MS,plotpy.gui.widgets.styles.CurveParam_MS
guiqwt.cross_section.compute_oblique_section,plotpy.gui.widgets.cross_section.compute_oblique_section
guiqwt.histogram.hist_range_threshold,plotpy.gui.widgets.histogram.hist_range_threshold
guiqwt.pyplot.Figure,plotpy.gui.widgets.pyplot.Figure
guiqwt.styles.XYImageParam_MS,plotpy.gui.widgets.styles.XYImageParam_MS
guiqwt.events.MenuHandler,plotpy.gui.widgets.events.MenuHandler
guiqwt.cross_section.ObliqueCrossSectionItem,plotpy.gui.widgets.cross_section.ObliqueCrossSectionItem
guiqwt.interfaces.IDecoratorItemType,plotpy.gui.widgets.interfaces.IDecoratorItemType
guiqwt.io.item_class_from_name,plotpy.gui.widgets.io.item_class_from_name
guiqwt.geometry.rotate,plotpy.gui.widgets.geometry.rotate
guiqwt.baseplot.axes_to_canvas,plotpy.gui.widgets.baseplot.axes_to_canvas
guiqwt.widgets.fit.FitWidgetMixin,plotpy.gui.widgets.fit.FitWidgetMixin
guiqwt.events.UndoMoveObject,plotpy.gui.widgets.events.UndoMoveObject
guiqwt.styles.TextStyleItem,plotpy.gui.widgets.styles.TextStyleItem
guiqwt.tools.FilterTool,plotpy.gui.widgets.tools.FilterTool
guiqwt.widgets.fliprotate.FlipRotateWidget,plotpy.gui.widgets.fliprotate.FlipRotateWidget
guiqwt.shapes.PolygonShape,plotpy.gui.widgets.items.shapes.PolygonShape
guiqwt.tools.OCSPanelTool,plotpy.gui.widgets.tools.OCSPanelTool
guiqwt.io.FileType,plotpy.gui.widgets.io.FileType
guiqwt.styles.RGBImageParam_MS,plotpy.gui.widgets.styles.RGBImageParam_MS
guiqwt.tools.edit_curve_data,plotpy.gui.widgets.tools.edit_curve_data
guiqwt.styles.MaskedImageParam_MS,plotpy.gui.widgets.styles.MaskedImageParam_MS
guiqwt.curve.ItemListWidget,plotpy.gui.widgets.baseplot.ItemListWidget
guiqwt.widgets.rotatecrop.RotateCropMixin,plotpy.gui.widgets.rotatecrop.RotateCropMixin
guiqwt.cross_section.get_plot_average_y_section,plotpy.gui.widgets.cross_section.get_plot_average_y_section
guiqwt.tools.save_snapshot,plotpy.gui.widgets.tools.save_snapshot
guiqwt.shapes._no_null_vector,plotpy.gui.widgets.items.shapes._no_null_vector
guiqwt.tools.BaseCursorTool,plotpy.gui.widgets.tools.BaseCursorTool
guiqwt.tools.RectangularActionTool,plotpy.gui.widgets.tools.RectangularActionTool
guiqwt.tools.AnnotatedEllipseTool,plotpy.gui.widgets.tools.AnnotatedEllipseTool
guiqwt.styles.AxisItem,plotpy.gui.widgets.styles.AxisItem
guiqwt.tools.AboutTool,plotpy.gui.widgets.tools.AboutTool
guiqwt.styles.ImageParam_MS,plotpy.gui.widgets.styles.ImageParam_MS
guiqwt.image.Histogram2DItem,plotpy.gui.widgets.items.image.Histogram2DItem
guiqwt.styles.GridParam,plotpy.gui.widgets.styles.GridParam
guiqwt.tools.AntiAliasingTool,plotpy.gui.widgets.tools.AntiAliasingTool
guiqwt.tools.MultiLineTool,plotpy.gui.widgets.tools.MultiLineTool
guiqwt.widgets.fit.add_fitparam_widgets_to,plotpy.gui.widgets.fit.add_fitparam_widgets_to
guiqwt.events.ObjectHandler,plotpy.gui.widgets.events.ObjectHandler
guiqwt.tools.CrossSectionTool,plotpy.gui.widgets.tools.CrossSectionTool
guiqwt.widgets.fliprotate.FlipRotateDialog,plotpy.gui.widgets.fliprotate.FlipRotateDialog
guiqwt.tools.SaveItemsTool,plotpy.gui.widgets.tools.SaveItemsTool
guiqwt.tools.SnapshotParam,plotpy.gui.widgets.tools.SnapshotParam
guiqwt.geometry.scale,plotpy.gui.widgets.geometry.scale
guiqwt.plot.SubplotWidget,plotpy.gui.widgets.plot.SubplotWidget
